<window>
    <defaultcontrol>102</defaultcontrol>
    <coordinates>
        <system>1</system>
        <posx>0</posx>
        <posy>0</posy>
    </coordinates>
    <animation effect="fade" time="250">WindowOpen</animation>
    <animation effect="fade" time="250">WindowClose</animation>
    <controls>
        <control type="group">
            <posx>100</posx>
            <posy>50</posy>
            <control type="image">
                <posx>0</posx>
                <posy>0</posy>
                <width>1090</width>
                <height>640</height>
                <texture border="40">default-panel.png</texture>
            </control>
            <control type="label" id="100">
                <description>Header</description>
                <posx>200</posx>
                <posy>15</posy>
                <width>690</width>
                <height>40</height>
                <font>font18</font>
                <textcolor>white</textcolor>
                <aligny>center</aligny>
                <align>center</align>
                <wrapmultiline>true</wrapmultiline>
            </control>
            <control type="label" id="101">
                <description>number of selected tags</description>
                <posx>1060</posx>
                <posy>15</posy>
                <width>200</width>
                <height>40</height>
                <font>font18</font>
                <textcolor>white</textcolor>
                <aligny>center</aligny>
                <align>right</align>
            </control>
            <control type="label" id="113">
                <description>Filter:</description>
                <posx>60</posx>
                <posy>50</posy>
                <width>400</width>
                <height>40</height>
                <font>font18</font>
                <textcolor>white</textcolor>
                <aligny>center</aligny>
                <align>left</align>
                <label>Filter: </label>
            </control>            
            
            <control type="button" id="102">
                <description>OK button</description>
                <posx>30</posx>
                <posy>500</posy>
                <width>300</width>
                <height>40</height>
                <font>font18</font>
                <textcolor>white</textcolor>
                <aligny>center</aligny>
                <align>center</align>
                <onleft>112</onleft>
                <onright>103</onright>
                <ondown>107</ondown>
            </control>
            <control type="button" id="103">
                <description>Cancel button</description>
                <posx>360</posx>
                <posy>500</posy>
                <width>300</width>
                <height>40</height>
                <font>font18</font>
                <textcolor>white</textcolor>
                <aligny>center</aligny>
                <align>center</align>
                <onleft>102</onleft>
                <onright>104</onright>
                <ondown>108</ondown>
            </control>

            <control type="radiobutton" id="104">
                <description>Match all button</description>
                <posx>690</posx>
                <posy>500</posy>
                <width>370</width>
                <height>40</height>
                <font>font18</font>
                <textcolor>white</textcolor>
                <aligny>center</aligny>
                <align>left</align>
                <onleft>103</onleft>
                <onright>107</onright>
                <ondown>109</ondown>
            </control>
            <control type="label" id="105">
                <description>Tags</description>
                <posx>70</posx>
                <posy>100</posy>
                <width>315</width>
                <height>36</height>
                <font>font18</font>
                <textcolor>white</textcolor>
                <aligny>center</aligny>
                <align>left</align>
            </control>
            <control type="label" id="106">
                <description>Tag content</description>
                <posx>440</posx>
                <posy>100</posy>
                <width>315</width>
                <height>36</height>
                <font>font18</font>
                <textcolor>white</textcolor>
                <aligny>center</aligny>
                <align>left</align>
            </control>
            <control type="button" id="107">
                <description>Load button</description>
                <posx>30</posx>
                <posy>550</posy>
                <width>250</width>
                <height>40</height>
                <font>font18</font>
                <textcolor>white</textcolor>
                <aligny>center</aligny>
                <align>center</align>
                <onleft>104</onleft>
                <onright>108</onright>
                <onup>102</onup>
            </control>
            <control type="button" id="108">
                <description>Save button</description>
                <posx>290</posx>
                <posy>550</posy>
                <width>250</width>
                <height>40</height>
                <font>font18</font>
                <textcolor>white</textcolor>
                <aligny>center</aligny>
                <align>center</align>
                <onleft>107</onleft>
                <onright>109</onright>
                <onup>103</onup>
            </control>
            <control type="button" id="109">
                <description>Clear button</description>
                <posx>550</posx>
                <posy>550</posy>
                <width>250</width>
                <height>40</height>
                <font>font18</font>
                <textcolor>white</textcolor>
                <aligny>center</aligny>
                <align>center</align>
                <onleft>107</onleft>
                <onright>111</onright>
                <onup>104</onup>
            </control>         
            <!-- load / save 
            <control type="label" id="110">
                <description>Filter label</description>
                <posx>40</posx>
                <posy>550</posy>
                <width>100</width>
                <height>40</height>
                <font>font18</font>
                <textcolor>white</textcolor>
                <aligny>center</aligny>
                <align>left</align>
            </control>            -->
            
            <control type="button" id="111">
                <description>Delete filter button</description>
                <posx>810</posx>
                <posy>550</posy>
                <width>250</width>
                <height>40</height>
                <font>font18</font>
                <textcolor>white</textcolor>
                <aligny>center</aligny>
                <align>center</align>
                <onleft>109</onleft>
                <onright>120</onright>
                <onup>104</onup>
            </control>           
            <control type="button" id="112">
                <description>Date set button</description>
                <posx>745</posx>
                <posy>100</posy>
                <width>315</width>
                <height>36</height>
                <font>font18</font>
                <textcolor>white</textcolor>
                <aligny>center</aligny>
                <align>center</align>
                <onleft>122</onleft>
                <onright>102</onright>
            </control>      
            <control type="image">
                <posx>20</posx>
                <posy>90</posy>
                <width>1060</width>
                <height>2</height>
                <texture>GMseparator.png</texture>
            </control>
            <control type="image">
                <posx>20</posx>
                <posy>145</posy>
                <width>1060</width>
                <height>2</height>
                <texture>GMseparator.png</texture>
            </control>
            <control type="image">
                <posx>20</posx>
                <posy>490</posy>
                <width>1060</width>
                <height>2</height>
                <texture>GMseparator.png</texture>
            </control>
            <control type="image">
                <posx>20</posx>
                <posy>495</posy>
                <width>1060</width>
                <height>2</height>
                <texture>GMseparator.png</texture>
            </control>
            <control type="image">
                <posx>20</posx>
                <posy>605</posy>
                <width>1060</width>
                <height>2</height>
                <texture>GMseparator.png</texture>
            </control>
            <control type="image">
                <posx>20</posx>
                <posy>610</posy>
                <width>1060</width>
                <height>2</height>
                <texture>GMseparator.png</texture>
            </control>

            <!-- ** Required ** Do not change <id> or <type> -->
            <control type="list" id="120">
                <posx>30</posx>
                <posy>160</posy>
                <width>355</width>
                <height>320</height>
                <onleft>111</onleft>
                <onright>122</onright>
                <viewtype label="535">list</viewtype>
                <pagecontrol>121</pagecontrol>
                <scrolltime>200</scrolltime>
                <itemlayout height="38">
                    <control type="image">
                        <posx>0</posx>
                        <posy>36</posy>
                        <width>315</width>
                        <height>2</height>
                        <texture border="10">default-list-nofocus.png</texture>
                    </control>
                    <control type="label">
                        <posx>10</posx>
                        <posy>0</posy>
                        <width>315</width>
                        <height>38</height>
                        <font>font18</font>
                        <aligny>center</aligny>
                        <textcolor>white</textcolor>
                        <selectedcolor>green</selectedcolor>
                        <align>left</align>
                        <info>ListItem.Label</info>
                    </control>

                </itemlayout>
                <focusedlayout height="38">
                    <control type="image">
                        <posx>0</posx>
                        <posy>0</posy>
                        <width>315</width>
                        <height>38</height>
                        <texture border="10">default-list-focus.png</texture>
                        <visible>Control.HasFocus(120)</visible>
                    </control>
                    <control type="label">
                        <posx>10</posx>
                        <posy>0</posy>
                        <width>315</width>
                        <height>38</height>
                        <font>font18</font>
                        <aligny>center</aligny>
                        <textcolor>white</textcolor>
                        <selectedcolor>green</selectedcolor>
                        <align>left</align>
                        <info>ListItem.Label</info>
                    </control>

                </focusedlayout>
            </control>
            <control type="group">
                <posx>350</posx>
                <posy>160</posy>
                <control type="scrollbar" id="121">
                    <description>scroll bar indicator for lists</description>
                    <posx>0</posx>
                    <posy>0</posy>
                    <width>12</width>
                    <height>320</height>
                    <texturesliderbackground border="6">default-scroll_back.png</texturesliderbackground>
                    <texturesliderbar border="6">default-scroll_mid.png</texturesliderbar>
                    <texturesliderbarfocus border="6">default-scroll_mid.png</texturesliderbarfocus>
                    <textureslidernib>-</textureslidernib>
                    <textureslidernibfocus>-</textureslidernibfocus>
                    <orientation>vertical</orientation>
                    <visible>Control.IsVisible(120)</visible>
                </control>
            </control>
            <control type="list" id="122">
                <posx>380</posx>
                <posy>160</posy>
                <width>680</width>
                <height>320</height>
                <onleft>120</onleft>
                <onright>112</onright>
                <viewtype label="535">list</viewtype>
                <pagecontrol>123</pagecontrol>
                <scrolltime>200</scrolltime>
                <itemlayout height="38">
                    <control type="image">
                        <posx>0</posx>
                        <posy>36</posy>
                        <width>670</width>
                        <height>2</height>
                        <texture border="10">default-list-nofocus.png</texture>
                    </control>
                    <control type="image">
                        <posx>10</posx>
                        <posy>0</posy>
                        <width>50</width>
                        <height>38</height>
                        <texture border="10">$INFO[ListItem.Property(checked)]</texture>
                    </control>
                    <control type="label">
                        <posx>60</posx>
                        <posy>0</posy>
                        <width>615</width>
                        <height>38</height>
                        <font>font18</font>
                        <aligny>center</aligny>
                        <textcolor>white</textcolor>
                        <selectedcolor>green</selectedcolor>
                        <align>left</align>
                        <info>ListItem.Label2</info>
                    </control>

                </itemlayout>
                <focusedlayout height="38">
                    <control type="image">
                        <posx>0</posx>
                        <posy>0</posy>
                        <width>670</width>
                        <height>38</height>
                        <texture border="10">default-list-focus.png</texture>
                        <visible>Control.HasFocus(122)</visible>
                    </control>
                    <control type="image">
                        <posx>10</posx>
                        <posy>0</posy>
                        <width>50</width>
                        <height>38</height>
                        <texture border="10">$INFO[ListItem.Property(checked)]</texture>
                    </control>
                    <control type="label">
                        <posx>60</posx>
                        <posy>0</posy>
                        <width>615</width>
                        <height>38</height>
                        <font>font18</font>
                        <aligny>center</aligny>
                        <textcolor>white</textcolor>
                        <selectedcolor>green</selectedcolor>
                        <align>left</align>
                        <info>ListItem.Label2</info>
                    </control>

                </focusedlayout>
            </control>
            <control type="group">
                <posx>1055</posx>
                <posy>160</posy>
                <control type="scrollbar" id="123">
                    <description>scroll bar indicator for lists</description>
                    <posx>0</posx>
                    <posy>0</posy>
                    <width>12</width>
                    <height>320</height>
                    <texturesliderbackground border="6">default-scroll_back.png</texturesliderbackground>
                    <texturesliderbar border="6">default-scroll_mid.png</texturesliderbar>
                    <texturesliderbarfocus border="6">default-scroll_mid.png</texturesliderbarfocus>
                    <textureslidernib>-</textureslidernib>
                    <textureslidernibfocus>-</textureslidernibfocus>
                    <orientation>vertical</orientation>
                    <visible>Control.IsVisible(122)</visible>
                </control>
            </control>

        </control>
    </controls>
</window>
