<window>
    <defaultcontrol>101</defaultcontrol>
    <coordinates>
        <system>1</system>
        <posx>0</posx>
        <posy>0</posy>
    </coordinates>
    <animation effect="fade" time="250">WindowOpen</animation>
    <animation effect="fade" time="250">WindowClose</animation>
    <controls>
        <control type="group">
            <posx>435</posx>
            <posy>50</posy>
            <control type="image">
                <posx>0</posx>
                <posy>0</posy>
                <width>1050</width>
                <height>900</height>
                <texture border="40">default-panel.png</texture>
            </control>
            <control type="image" id="200">
                <posx>150</posx>
                <posy>20</posy>
                <width>750</width>
                <height>750</height>
            </control>
            <control type="label" id="100">
                <description>Google Maps Label</description>
                <posx>0</posx>
                <posy>30</posy>
                <width>1050</width>
                <height>60</height>
                <font>font18</font>
                <textcolor>white</textcolor>
                <aligny>center</aligny>
                <align>center</align>
                <wrapmultiline>true</wrapmultiline>
            </control>

            <control type="button" id="101">
                <description>Close</description>
                <posx>30</posx>
                <posy>785</posy>
                <width>300</width>
                <height>60</height>
                <font>font18</font>
                <textcolor>white</textcolor>
                <aligny>center</aligny>
                <align>center</align>
                <onleft>103</onleft>
                <onright>102</onright>
            </control>
            <control type="button" id="102">
                <description>Zoom In</description>
                <posx>375</posx>
                <posy>785</posy>
                <width>300</width>
                <height>60</height>
                <font>font18</font>
                <textcolor>white</textcolor>
                <aligny>center</aligny>
                <align>center</align>
                <onleft>101</onleft>
                <onright>103</onright>
            </control>
            <control type="button" id="103">
                <description>Zoom Out</description>
                <posx>720</posx>
                <posy>785</posy>
                <width>302</width>
                <height>60</height>
                <font>font18</font>
                <textcolor>white</textcolor>
                <aligny>center</aligny>
                <align>center</align>
                <onleft>102</onleft>
                <onright>101</onright>
            </control>  


        </control>
    </controls>
</window>
