<?xml version="1.0" encoding="UTF-8" standalone="yes"?>
<addon id="repository.xycl.eden_addons" name="Xycl Eden Add-on Repository" version="1.0.0" provider-name="xycl">
	<requires>
		<import addon="xbmc.addon" version="12.0.0"/>
	</requires>
	<extension point="xbmc.addon.repository" name="Xycl Eden Add-on Repository">
		<info compressed="false">https://raw.github.com/Xycl/repository.xycl.addons/Eden/addons.xml</info>
		<checksum>https://raw.github.com/Xycl/repository.xycl.addons/Eden/addons.xml.md5</checksum>
		<datadir zip="true">https://raw.github.com/Xycl/repository.xycl.addons/Eden/</datadir>
	</extension>
	<extension point="xbmc.addon.metadata">
		<summary>Install Addons from github.com/Xycl</summary>
		<description>Download and install addons from xycl repository.</description>
		<platform>all</platform>
	</extension>
</addon>

