<?xml version="1.0" encoding="UTF-8" standalone="yes"?>
<addon id="repository.xycl.addons" name="Xycl Eden Add-on Repository" version="1.0.0" provider-name="xycl">
	<requires>
		<import addon="xbmc.addon" version="11.0"/>
	</requires>
	<extension point="xbmc.addon.repository" name="Xycl Eden Add-on Repository">
		<info compressed="false">https://github.com/Xycl/repository.xycl.addons/blob/Eden/repository.xycl.addons/addons.xml</info>
		<checksum>https://github.com/Xycl/repository.xycl.addons/blob/Eden/repository.xycl.addons/addons.xml.md5</checksum>
		<datadir zip="true">https://github.com/Xycl/repository.xycl.addons/blob/Eden/repository.xycl.addons/master/</datadir>
	</extension>
	<extension point="xbmc.addon.metadata">
		<summary>Install Addons from github.com/Xycl</summary>
		<description>Download and install addons from xycl repository.</description>
		<platform>all</platform>
	</extension>
</addon>


