<?xml version="1.0" encoding="UTF-8" standalone="yes"?>
<addon id="script.module.dialogaddonscan" name="Dialog Addon Scan" version="1.1.3" provider-name="Frost (passion-xbmc.org),Xycl">
  <requires>
    <import addon="xbmc.python" version="2.1.0"/>
  </requires>
  <extension point="xbmc.python.module" library="lib" />
  <extension point="xbmc.addon.metadata">
    <summary>Dialog Scan for Add-on</summary>
    <description>Dialog Scan for Add-on</description>
    <license>GPL</license>
    <platform>all</platform>
    <nofanart>true</nofanart>
    <noicon>true</noicon>
  </extension>
</addon>
