<?xml version="1.0" encoding="UTF-8"?>
<addon id="plugin.video.wdrrockpalast" name="WDR Rockpalast" version="2.3.0" provider-name="xycl">
    <requires>
        <import addon="xbmc.python" version="2.1.0"/>
    </requires>
    <extension point="xbmc.python.pluginsource" library="default.py">
        <provides>video audio</provides>
    </extension>
    <extension point="xbmc.addon.metadata">
        <platform>all</platform>
        <language>en de</language>
        <summary lang="de">Zugriff auf die WDR Rockpalast Konzerte</summary>
        <summary lang="en">Plays WDR Rockpalast concerts</summary>
        <description lang="de">Spielt die Konzerte, die der WDR auf http://www.wdr.de z.V. stellt.</description>
        <description lang="en">Plays concerts from german TV called WDR which can be found on http://www.wdr.de</description>
    </extension>
</addon>