<window>
    <defaultcontrol>102</defaultcontrol>
    <coordinates>
        <system>1</system>
        <posx>0</posx>
        <posy>0</posy>
    </coordinates>
    <animation effect="fade" time="250">WindowOpen</animation>
    <animation effect="fade" time="250">WindowClose</animation>
    <controls>
        <control type="group">
            <posx>150</posx>
            <posy>75</posy>
            <control type="image">
                <posx>0</posx>
                <posy>0</posy>
                <width>1635</width>
                <height>900</height>
                <texture border="40">default-panel.png</texture>
            </control>

            <control type="label" id="100">
                <description>textarea</description>
                <posx>300</posx>
                <posy>38</posy>
                <width>1035</width>
                <height>60</height>
                <font>font18</font>
                <textcolor>white</textcolor>
                <aligny>center</aligny>
                <align>center</align>
                <label>Translation Editor</label>
                <wrapmultiline>true</wrapmultiline>
            </control>

            <control type="label" id="101">
                <description>textarea</description>
                <posx>300</posx>
                <posy>90</posy>
                <width>1035</width>
                <height>60</height>
                <font>font18</font>
                <textcolor>white</textcolor>
                <aligny>center</aligny>
                <align>center</align>
                <label>Leave translation empty to hide tag type in MyPicsDB</label>
                <wrapmultiline>true</wrapmultiline>
            </control>

            <control type="button" id="102">
                <description>Close button</description>
                <posx>45</posx>
                <posy>780</posy>
                <width>450</width>
                <height>60</height>
                <font>font18</font>
                <textcolor>white</textcolor>
                <aligny>center</aligny>
                <align>center</align>
                <label>Close</label>
                <onleft>120</onleft>
                <onright>103</onright>
            </control>

            <control type="image">
                <posx>30</posx>
                <posy>165</posy>
                <width>1590</width>
                <height>3</height>
                <texture>GMseparator.png</texture>
            </control>

            <control type="image">
                <posx>30</posx>
                <posy>765</posy>
                <width>1590</width>
                <height>3</height>
                <texture>GMseparator.png</texture>
            </control>

            <control type="image">
                <posx>30</posx>
                <posy>773</posy>
                <width>1590</width>
                <height>3</height>
                <texture>GMseparator.png</texture>
            </control>      

            <control type="image">
                <posx>30</posx>
                <posy>848</posy>
                <width>1590</width>
                <height>3</height>
                <texture>GMseparator.png</texture>
            </control> 

            <control type="image">
                <posx>30</posx>
                <posy>855</posy>
                <width>1590</width>
                <height>3</height>
                <texture>GMseparator.png</texture>
            </control>      

            <!-- ** Required ** Do not change <id> or <type> -->
            <control type="list" id="120">
                <posx>30</posx>
                <posy>189</posy>
                <width>1560</width>
                <height>550</height>
                <onleft>102</onleft>
                <onright>102</onright>
                <viewtype label="535">list</viewtype>
                <pagecontrol>121</pagecontrol>
                <scrolltime>200</scrolltime>

                <itemlayout height="38">
                    <control type="image">
                        <posx>0</posx>
                        <posy>54</posy>
                        <width>1560</width>
                        <height>3</height>
                        <texture border="10">default-list-nofocus.png</texture>
                    </control>    

                    <control type="label">
                        <posx>60</posx>
                        <posy>0</posy>
                        <width>623</width>
                        <height>65</height>
                        <font>font18</font>
                        <aligny>center</aligny>
                        <textcolor>white</textcolor>
                        <selectedcolor>green</selectedcolor>
                        <align>left</align>
                        <info>ListItem.Label</info>
                    </control>

                    <control type="label">
                        <posx>720</posx>
                        <posy>0</posy>
                        <width>1073</width>
                        <height>65</height>
                        <font>font18</font>
                        <aligny>center</aligny>
                        <textcolor>white</textcolor>
                        <selectedcolor>green</selectedcolor>
                        <align>left</align>
                        <info>ListItem.Label2</info>
                    </control>

                </itemlayout>
                <focusedlayout height="38">
                    <control type="image">
                        <posx>0</posx>
                        <posy>13</posy>
                        <width>1560</width>
                        <height>43</height>
						<aligny>center</aligny>
						<align>left</align>
                        <texture border="10">default-list-focus.png</texture>
                        <visible>Control.HasFocus(120)</visible>
                    </control>

                    <control type="label">
                        <posx>60</posx>
                        <posy>0</posy>
                        <width>623</width>
                        <height>65</height>
                        <font>font18</font>
                        <aligny>center</aligny>
                        <textcolor>white</textcolor>
                        <selectedcolor>green</selectedcolor>
                        <align>left</align>
                        <info>ListItem.Label</info>
                    </control>

                    <control type="label">
                        <posx>720</posx>
                        <posy>0</posy>
                        <width>1073</width>
                        <height>65</height>
                        <font>font18</font>
                        <aligny>center</aligny>
                        <textcolor>white</textcolor>
                        <selectedcolor>green</selectedcolor>
                        <align>left</align>
                        <info>ListItem.Label2</info>
                    </control>

                </focusedlayout>
            </control>
                <control type="group">
                    <posx>1583</posx>
                    <posy>189</posy>
                    <control type="scrollbar" id="121">
                        <description>scroll bar indicator for lists</description>
                        <posx>0</posx>
                        <posy>0</posy>
                        <width>18</width>
                        <height>570</height>
                        <texturesliderbackground border="6">default-scroll_back.png</texturesliderbackground>
                        <texturesliderbar border="6">default-scroll_mid.png</texturesliderbar>
                        <texturesliderbarfocus border="6">default-scroll_mid.png</texturesliderbarfocus>
                        <textureslidernib>-</textureslidernib>
                        <textureslidernibfocus>-</textureslidernibfocus>
                        <orientation>vertical</orientation>
                        <showonepage>false</showonepage>
                        <visible>Control.IsVisible(120)</visible>
                    </control>
                </control>
        </control>
    </controls>
</window>
