<?xml version="1.0" encoding="UTF-8" standalone="yes"?>
<addon id="script.service.mypicsdb"  name="MyPicsDB Update Service"  version="0.0.1" provider-name="Xycl">
   <requires>
   	<import addon="xbmc.python" version="2.1.0"/>
  </requires>
  <extension point="xbmc.service" library="default.py" start="login"></extension>
  <extension point="xbmc.addon.metadata">
    <platform>all</platform>
    <language></language>
    <summary lang="en">Updates MyPicsDB</summary>
    <description lang="en">A Service which automatically updates MyPicsDB</description>
  </extension>
</addon>

